<?xml version="1.0" encoding="UTF-8" standalone="yes"?>
<addon id="script.module.t9.search" name="T9 search dialog" version="1.1.0" provider-name="phil65">
	<requires>
		<import addon="xbmc.python" version="2.25.0" />
		<import addon="script.module.kodi65" version="1.0.0"/>
		<import addon="script.module.autocompletion" version="1.0.0"/>
		<import addon="script.module.requests" version="2.9.1"/>
	</requires>
	<extension point="xbmc.python.module" library="lib" />
	<extension point="xbmc.addon.metadata">
		<summary lang="en">T9 search dialog including AutoCompletion (to be used by add-ons)</summary>
		<description lang="en">T9 search dialog including AutoCompletion (to be used by add-ons)</description>
		<disclaimer lang="en"></disclaimer>
		<language></language>
		<platform>all</platform>
		<license>GNU GENERAL PUBLIC LICENSE Version 2, June 1991</license>
		<forum>-</forum>
		<source>https://github.com/phil65/script.module.t9.search</source>
		<news>Fixed: Import was done from wrong module</news>
		<email>phil65@kodi.tv</email>
	</extension>
</addon>
