<?xml version="1.0" encoding="UTF-8" standalone="yes"?>
<addon id="plugin.video.DocuHall" name="[COLOR orange]Docu Hall[/COLOR]" version="1.0.19"	provider-name="AngelAaron"> 
  <requires>
    <import addon="plugin.video.youtube" /> 
	  <import addon="script.module.requests" />
    <import addon="script.module.resolveurl" />
    <import addon="script.module.six" />
  </requires>
  <extension point="xbmc.python.pluginsource" library="default.py">
    <provides>video</provides>
  </extension>
  <extension point="xbmc.addon.metadata">
    <summary lang="en">Docu Hall</summary>
    <description lang="en">Todo el contenido de este addon esta sacado de Youtube, NO PAGUES, ESTE ADDON ES GRATUITO</description>
    <disclaimer lang="en"></disclaimer>
    <platform>all</platform>
    <forum>n/a</forum>
    <website>n/a</website>
	<assets>
		<icon>icon.gif</icon>
		<fanart>fanart.jpg</fanart>
	  </assets>
  </extension>
</addon>