{
    "access_manager": {
        "current_user": "0", 
        "developers": {}, 
        "last_origin": "plugin.video.youtube", 
        "users": {
            "0": {
                "access_token": "", 
                "id": "2545c58ca01b4c3a855d6698d2c7069f", 
                "last_key_hash": "d22f131d733e55ac8300e29ee0780371", 
                "name": "Default", 
                "refresh_token": "", 
                "token_expires": -1, 
                "watch_history": "HL", 
                "watch_later": " WL"
            }
        }
    }
}