<?xml version="1.0" encoding="UTF-8" standalone="yes"?>
<addon id="script.limpiarkodi"
       name="Limpia Tu Kodi"
       version="1.1.1"
       provider-name="Catoal - Teco">
  <requires>
    <import addon="xbmc.python" version="2.1.0"/>
  </requires>
 	<extension point="xbmc.python.pluginsource" library="default.py">
		<provides>executable</provides>
	</extension> 
  <extension point="xbmc.service" library="service.py" start="startup" />
  <extension point="xbmc.addon.metadata">
    <platform>all</platform>
    <summary>Limpiar</summary>
    <description>La herramienta para limpiar de una pasada su dispositivo.</description>
    <language></language>
    <license></license>
    <source></source>
    <forum></forum>
    <website></website>
  </extension>
</addon>
