{
    "access_manager": {
        "current_user": "0", 
        "developers": {}, 
        "last_origin": "plugin.video.youtube", 
        "users": {
            "0": {
                "access_token": "", 
                "id": "f81f197beb82458dbe02dff3801e9951", 
                "last_key_hash": "a7b74f2ebe43cfaa37341fb1f07e6565", 
                "name": "Default", 
                "refresh_token": "", 
                "token_expires": -1, 
                "watch_history": "HL", 
                "watch_later": " WL"
            }
        }
    }
}