{
  "active": true,
  "adult": true,
  "categories": [
    "adult"
  ],
  "changes": [
    {
      "date": "13/07/2020",
      "description": "Cambios en la web"
    },
    {
      "date": "01/05/2020",
      "description": "Cambios en la web"
    },
    {
      "date": "30/12/2019",
      "description": "Soporte Python 3"
    },
    {
      "date": "18/10/2019",
      "description": "Canal reparado por cambios en la web"
    },
    {
      "date": "21/05/2019",
      "description": "Cambios en la web"
    },
    {
      "date": "28/03/2019",
      "description": "Cambios en la web"
    },
    {
      "date": "06/09/2018",
      "description": "Cambios en la web"
    },
    {
      "date": "28/02/2018",
      "description": "Reparar obtención de enlaces"
    },
    {
      "date": "27/11/2017",
      "description": "Primera versión"
    }
  ],
  "id": "pornhub",
  "min_version": {
    "main": "2.0",
    "python": null
  },
  "name": "PornHub",
  "search": {
    "adult": {
      "action": "search",
      "content": "videos"
    }
  },
  "settings": [],
  "version": 10
}