<?xml version="1.0" encoding="UTF-8" standalone="yes"?>
<addon id="plugin.video.butaca"
       name="[COLOR red]La butaca[/COLOR]"
       version="2.0.0"
       provider-name="Anabel, AngelAaron y Titan">
  <requires>
    <import addon="xbmc.python" version="2.1.0"/>
    <import addon="script.module.beautifulsoup" version="3.2.1"/>
    <import addon="script.module.requests" />
    <import addon="plugin.video.youtube" optional="true" />
    <import addon="script.module.resolveurl" />
  </requires>
  
  <extension point="xbmc.python.pluginsource" library="default.py">
    <provides>video</provides>
  </extension>

  <extension point="xbmc.addon.metadata">
    <summary>La butaca, sin animo de lucro</summary>
    <description>The owners and submitters to this addon do not host or distribute any of the content displayed by these addons nor do they have any affiliation with the content providers</description>
	  <disclaimer>The owners and submitters to this addon do not host or distribute any of the content displayed by these addons nor do they have any affiliation with the content providers.</disclaimer>
    <platform>all</platform>
	 <assets>
		<icon>icon.gif</icon>
		<fanart>fanart.jpg</fanart>
	 </assets>
  </extension>
</addon>