<?xml version="1.0" encoding="UTF-8" standalone="yes"?>
<addon id="script.module.butaca"
       name="[COLOR red]La butaca[/COLOR]"
       version="0.0.1"
       provider-name="Anabel, AngelAaron y Titan">
  <requires>
    <import addon="xbmc.python" version="2.1.0"/>
	  <import addon="script.module.beautifulsoup4" />
    <import addon="script.module.requests" />
  </requires>
  
  <extension point="xbmc.python.pluginsource" library="default.py">
  </extension>

  <extension point="xbmc.addon.metadata">
    <summary>Dependencia del addon Butaca</summary>
    <description>The owners and submitters to this addon do not host or distribute any of the content displayed by these addons nor do they have any affiliation with the content providers</description>
	  <disclaimer>The owners and submitters to this addon do not host or distribute any of the content displayed by these addons nor do they have any affiliation with the content providers.</disclaimer>
    <platform>all</platform>
  </extension>
</addon>