{
    "access_manager": {
        "current_user": "0", 
        "developers": {}, 
        "last_origin": "plugin.video.youtube", 
        "users": {
            "0": {
                "access_token": "", 
                "id": "64af21315e294e229ce9c1f9699898b8", 
                "last_key_hash": "28192e8a52add6b963bf1456aaf2a327", 
                "name": "Default", 
                "refresh_token": "", 
                "token_expires": -1, 
                "watch_history": "HL", 
                "watch_later": " WL"
            }
        }
    }
}