<?xml version="1.0" encoding="UTF-8" standalone="yes"?>
<addon id="script.kelebek"
       name="KELEBEK"
       version="2.0.0"
       provider-name="Anabel">
  <requires>
    <import addon="xbmc.python" version="2.1.0"/>	
    <import addon="script.module.pyxbmct" version="1.1.4" />
    <import addon="script.module.beautifulsoup" version="3.2.1"/>
    <import addon="script.module.beautifulsoup4" />
    <import addon="script.module.requests" />
    <import addon="script.module.myconnpy" version="1.1.7"/>
  </requires>
  <extension point="xbmc.python.pluginsource" library="main.py">
	<provides>executable</provides>
  </extension>
  <extension point="xbmc.addon.metadata">
    <platform>all</platform>
    <summary>KELEBEK</summary>
    <description>Scan Sources searching changes and addons</description>
    <language></language>
    <license></license>
    <source></source>
    <forum></forum>
    <website></website>
  </extension>
</addon>
