<?xml version="1.0" encoding="UTF-8" standalone="yes"?>
<addon id="plugin.video.EasyLoad" name="Easy Load List" version="0.0.4" provider-name="Angelaaron">
    <requires>
    </requires>
    <extension point="xbmc.python.pluginsource"
               library="default.py">
        <provides>video</provides>
    </extension>
    <extension point="xbmc.addon.metadata">
        <platform>all</platform>
        <summary>Gracias por usar mi addon</summary>
        <description>Carga tus listas de forma sencilla en formato m3u-m3u8</description>
    </extension>
</addon>