<?xml version="2.0" encoding="UTF-8" standalone="yes"?>
<addon id="plugin.video.pequelandia" name="[COLOR gold]PEQUELANDIA[/COLOR]"	version="2.0"	provider-name="Anabel"> 
  <requires>
    <import addon="xbmc.python" version="2.1.0"/>
    <import addon="script.module.addon.common" version="2.0.0"/>
    <import addon="plugin.video.youtube" version="5.0.0"/>
  </requires>
  <extension point="xbmc.python.pluginsource" library="pulse.py">
    <provides>video</provides>
  </extension>
  <extension point="xbmc.addon.metadata">
    <summary lang="en">Un addon pensado no solo en entretener a los mas pequeños de la casa, si no tambien destinado a su educacion</summary>
    <description lang="en"></description>
    <disclaimer lang="en"></disclaimer>
    <platform>all</platform>
    <forum>n/a</forum>
    <website>n/a</website>
  </extension>
</addon>