<?xml version="1.0" encoding="UTF-8" standalone="yes"?>
<addon id="plugin.video.KinderLand" name="[COLOR orangered]Kinder Land[/COLOR]"	version="1.0.2"	provider-name="AngelAaron y Anabel"> 
  <requires>
    <import addon="xbmc.python" version="2.1.0"/>
    <import addon="script.module.addon.common" version="2.0.0"/>
    <import addon="plugin.video.youtube" version="5.0.0"/>
  </requires>
  <extension point="xbmc.python.pluginsource" library="default.py">
    <provides>video</provides>
  </extension>
  <extension point="xbmc.addon.metadata">
    <summary lang="en">Kinder Land</summary>
    <description lang="en">Todo el contenido de este addon esta sacado de Youtube, NO PAGUES, ESTE ADDON ES GRATUITO</description>
    <disclaimer lang="en"></disclaimer>
    <platform>all</platform>
    <forum>n/a</forum>
    <website>n/a</website>
    <assets>
		<icon>icon.gif</icon>
		<fanart>fanart.jpg</fanart>
	  </assets>	
  </extension>
</addon>